{
    "val_loss": [
        0.4423963725566864,
        0.319202721118927,
        0.2654590308666229,
        0.2386440485715866,
        0.2141045331954956,
        0.22141268849372864,
        0.19559499621391296,
        0.21534232795238495,
        0.2120799571275711,
        0.24068452417850494,
        0.22914601862430573,
        0.2646358013153076,
        0.23525598645210266,
        0.24454839527606964,
        0.24615125358104706,
        0.24613703787326813,
        0.22444653511047363,
        0.22275081276893616,
        0.2376670092344284,
        0.22685657441616058
    ],
    "val_acc": [
        0.8883720636367798,
        0.9151162505149841,
        0.9220930337905884,
        0.9372093081474304,
        0.9430232644081116,
        0.9395349025726318,
        0.9465116262435913,
        0.9441860318183899,
        0.945348858833313,
        0.9430232644081116,
        0.9418604373931885,
        0.9430232644081116,
        0.9476743936538696,
        0.9418604373931885,
        0.9441860318183899,
        0.9523255825042725,
        0.9465116262435913,
        0.9511628150939941,
        0.9534883499145508,
        0.9488372206687927
    ],
    "loss": [
        1.2569774389266968,
        0.48914918303489685,
        0.37082159519195557,
        0.3142065107822418,
        0.2511788308620453,
        0.21797795593738556,
        0.18584053218364716,
        0.1582745611667633,
        0.1476840376853943,
        0.1348275989294052,
        0.1225663274526596,
        0.11352421343326569,
        0.10714621841907501,
        0.0973745658993721,
        0.10527987033128738,
        0.09568808972835541,
        0.08823270350694656,
        0.08001034706830978,
        0.07165581732988358,
        0.06453145295381546
    ],
    "acc": [
        0.7191213965415955,
        0.9068475365638733,
        0.9355296492576599,
        0.947028398513794,
        0.9652454257011414,
        0.9722222089767456,
        0.9807493090629578,
        0.9874676465988159,
        0.9870800375938416,
        0.989405632019043,
        0.9912144541740417,
        0.9917312264442444,
        0.9931524395942688,
        0.9943152070045471,
        0.99031001329422,
        0.9935399889945984,
        0.9941859841346741,
        0.9961239695549011,
        0.9978035688400269,
        0.99896639585495
    ]
}